0,1,2,3,4,0,1,2,3,4
Unnamed: 0,Unnamed: 1,Unnamed: 2,Unnamed: 3,Semester,Countries (62),Partner Universities,Study fields and agreements,Study Language*,Semester
Countries (62),Partner Universities,Study fields and agreements,Study Language*,Semester,Countries (62),Partner Universities,Study fields and agreements,Study Language*,dates*
Countries (62),Partner Universities,Study fields and agreements,Study Language*,dates*,Countries (62),"Universidad de San Martin, Buenos Aires",Study fields and agreements,Study Language*,March - July
Countries (62),"Universidad de San Martin, Buenos Aires",Study fields and agreements,Study Language*,March - July,Argentina,"Universidad de San Martin, Buenos Aires",All Study Programs,Spanish (min. B1),March - July
Argentina,"Universidad de San Martin, Buenos Aires",All Study Programs,Spanish (min. B1),March - July,Argentina,www.unsam.edu.ar,All Study Programs,Spanish (min. B1),Aug - Dec
Argentina,www.unsam.edu.ar,All Study Programs,Spanish (min. B1),Aug - Dec,Argentina,"Russian-Armenian University, Yerevan","ICT, Economics, Management and",Spanish (min. B1),Sept - Jan
Argentina,"Russian-Armenian University, Yerevan","ICT, Economics, Management and",Spanish (min. B1),Sept - Jan,Armenia,"Russian-Armenian University, Yerevan","ICT, Economics, Management and",possibly English,Sept - Jan
Armenia,"Russian-Armenian University, Yerevan","ICT, Economics, Management and",possibly English,Sept - Jan,Armenia,Feb - Julyhttps://rau.am/en,"Administration, Double Degree in M-DH",possibly English,Sept - Jan
Armenia,Feb - Julyhttps://rau.am/en,"Administration, Double Degree in M-DH",possibly English,Sept - Jan,Armenia,"University of Aruba, Oranjestad","Administration, Double Degree in M-DH",possibly English,Aug - Jan
Armenia,"University of Aruba, Oranjestad","Administration, Double Degree in M-DH",possibly English,Aug - Jan,Aruba,"University of Aruba, Oranjestad","Business, Tourism (Erasmus+)",English,Aug - Jan
Aruba,"University of Aruba, Oranjestad","Business, Tourism (Erasmus+)",English,Aug - Jan,Aruba,Jan - Julywww.ua.aw,"Business, Tourism (Erasmus+)",English,Aug - Jan
Aruba,Jan - Julywww.ua.aw,"Business, Tourism (Erasmus+)",English,Aug - Jan,Aruba,University of the Sunshine Coast : Sippy Downs,"Business, Tourism, Electrical and Civil",English,July - Nov
Aruba,University of the Sunshine Coast : Sippy Downs,"Business, Tourism, Electrical and Civil",English,July - Nov,Australia,University of the Sunshine Coast : Sippy Downs,"Eng., Media Technology, Double Degree",English,July - Nov
Australia,University of the Sunshine Coast : Sippy Downs,"Eng., Media Technology, Double Degree",English,July - Nov,Australia,March - Junewww.usc.edu.au,for IM & SIM (tuition fees!),English,July - Nov
Australia,March - Junewww.usc.edu.au,for IM & SIM (tuition fees!),English,July - Nov,Australia,"CAMPUS 02 Fachhochschule der Wirtschaft GmbH, Graz",for IM & SIM (tuition fees!),English,July - Nov
Australia,"CAMPUS 02 Fachhochschule der Wirtschaft GmbH, Graz",for IM & SIM (tuition fees!),English,July - Nov,Australia,"CAMPUS 02 Fachhochschule der Wirtschaft GmbH, Graz","Business Studies, ICTs, Eng./Eng.-Trades","German,",Sept - Feb
Australia,"CAMPUS 02 Fachhochschule der Wirtschaft GmbH, Graz","Business Studies, ICTs, Eng./Eng.-Trades","German,",Sept - Feb,Austria,"CAMPUS 02 Fachhochschule der Wirtschaft GmbH, Graz","Business Studies, ICTs, Eng./Eng.-Trades","German,",Sept - Feb
Austria,"CAMPUS 02 Fachhochschule der Wirtschaft GmbH, Graz","Business Studies, ICTs, Eng./Eng.-Trades","German,",Sept - Feb,Austria,"CAMPUS 02 Fachhochschule der Wirtschaft GmbH, Graz",(Erasmus+),possibly English,Feb - Aug
Austria,"CAMPUS 02 Fachhochschule der Wirtschaft GmbH, Graz",(Erasmus+),possibly English,Feb - Aug,Austria,www.campus02.at/international,(Erasmus+),possibly English,Feb - Aug
Austria,www.campus02.at/international,(Erasmus+),possibly English,Feb - Aug,Austria,IMC FH Krems  - University of Applied Management,(Erasmus+),possibly English,Feb - Aug
Austria,IMC FH Krems  - University of Applied Management,(Erasmus+),possibly English,Feb - Aug,Austria,IMC FH Krems  - University of Applied Management,Business,possibly English,Sept - Jan
Austria,IMC FH Krems  - University of Applied Management,Business,possibly English,Sept - Jan,Austria,IMC FH Krems  - University of Applied Management,Business,"German, English",Sept - Jan
Austria,IMC FH Krems  - University of Applied Management,Business,"German, English",Sept - Jan,Austria,Scienceswww.imc-krems.ac.at,Double Degree for SIM (Erasmus+),"German, English",Feb - June
Austria,Scienceswww.imc-krems.ac.at,Double Degree for SIM (Erasmus+),"German, English",Feb - June,Austria,"Fachhochschule Kärnten, Villach  und Spittal",Double Degree for SIM (Erasmus+),"German, English",Feb - June
Austria,"Fachhochschule Kärnten, Villach  und Spittal",Double Degree for SIM (Erasmus+),"German, English",Feb - June,Austria,"Fachhochschule Kärnten, Villach  und Spittal","Economics, Eng./ Trades, Civil Eng.,","German,",Oct - Feb
Austria,"Fachhochschule Kärnten, Villach  und Spittal","Economics, Eng./ Trades, Civil Eng.,","German,",Oct - Feb,Austria,"Fachhochschule Kärnten, Villach  und Spittal",Mechanics (Erasmus+),English (Master),March - Sept
Austria,"Fachhochschule Kärnten, Villach  und Spittal",Mechanics (Erasmus+),English (Master),March - Sept,Austria,www.fh-kaernten.at,Mechanics (Erasmus+),English (Master),March - Sept
Austria,www.fh-kaernten.at,Mechanics (Erasmus+),English (Master),March - Sept,Austria,FH Campus Wien  - University of Applied Sciences,"Electrical Engineering, Mechatronics, ICT","German,",Sept - Feb
Austria,FH Campus Wien  - University of Applied Sciences,"Electrical Engineering, Mechatronics, ICT","German,",Sept - Feb,Austria,Feb - Julywww.fh-campuswien.ac.at,(Erasmus+),English,Sept - Feb
Austria,Feb - Julywww.fh-campuswien.ac.at,(Erasmus+),English,Sept - Feb,Austria,FH Wien  der WKW University of Applied Sciences for,(Erasmus+),English,Sept - Feb
Austria,FH Wien  der WKW University of Applied Sciences for,(Erasmus+),English,Sept - Feb,Austria,FH Wien  der WKW University of Applied Sciences for,Business and Administration,English,Sept - Jan
Austria,FH Wien  der WKW University of Applied Sciences for,Business and Administration,English,Sept - Jan,Austria,FH Wien  der WKW University of Applied Sciences for,Business and Administration,"German, English",Sept - Jan
Austria,FH Wien  der WKW University of Applied Sciences for,Business and Administration,"German, English",Sept - Jan,Austria,FH Wien  der WKW University of Applied Sciences for,(Erasmus+),"German, English",Feb - July
Austria,FH Wien  der WKW University of Applied Sciences for,(Erasmus+),"German, English",Feb - July,Austria,Management and Communicationwww.fh-wien.ac.at,(Erasmus+),"German, English",Feb - July
Austria,Management and Communicationwww.fh-wien.ac.at,(Erasmus+),"German, English",Feb - July,Austria,"Belarusian National Technical University, Minsk",(Erasmus+),"German, English",Sept - Jan
Austria,"Belarusian National Technical University, Minsk",(Erasmus+),"German, English",Sept - Jan,Belarus,"Belarusian National Technical University, Minsk","Engineering, Business",English,Sept - Jan
Belarus,"Belarusian National Technical University, Minsk","Engineering, Business",English,Sept - Jan,Belarus,Feb - Junehttps://en.bntu.by/about-bntu,"Engineering, Business",English,Sept - Jan
Belarus,Feb - Junehttps://en.bntu.by/about-bntu,"Engineering, Business",English,Sept - Jan,Belarus,"Belarus State Economic University, Minsk","Engineering, Business",English,Sept - Jan
Belarus,"Belarus State Economic University, Minsk","Engineering, Business",English,Sept - Jan,Belarus,"Belarus State Economic University, Minsk",Tourism,English,Sept - Jan
Belarus,"Belarus State Economic University, Minsk",Tourism,English,Sept - Jan,Belarus,www.bseu.by,Tourism,English,Sept - Jan
Belarus,www.bseu.by,Tourism,English,Sept - Jan,Belarus,Artevelde University College Gent,"Business (Erasmus+ and RIBA),",English,Sept - Jan
Belarus,Artevelde University College Gent,"Business (Erasmus+ and RIBA),",English,Sept - Jan,Belgium,Artevelde University College Gent,"Business (Erasmus+ and RIBA),",English,Sept - Jan
Belgium,Artevelde University College Gent,"Business (Erasmus+ and RIBA),",English,Sept - Jan,Belgium,Feb - Julywww.arteveldehs.be,"Eventmanagement, TM, Health Care",English,Sept - Jan
Belgium,Feb - Julywww.arteveldehs.be,"Eventmanagement, TM, Health Care",English,Sept - Jan,Belgium,"Thomas More Kempen, Geel","Business Studies, Electrical Engineering",English,Sept - Jan
Belgium,"Thomas More Kempen, Geel","Business Studies, Electrical Engineering",English,Sept - Jan,Belgium,Feb - Junewww.thomasmore.be,(Erasmus+),English,Sept - Jan
Belgium,Feb - Junewww.thomasmore.be,(Erasmus+),English,Sept - Jan,Belgium,University Colleges Leuven-Limburg,(Erasmus+),English,Sept - Feb
Belgium,University Colleges Leuven-Limburg,(Erasmus+),English,Sept - Feb,Belgium,University Colleges Leuven-Limburg,Business (Erasmus+),English,Sept - Feb
Belgium,University Colleges Leuven-Limburg,Business (Erasmus+),English,Sept - Feb,Belgium,Feb - Junewww.khleuven.be,Business (Erasmus+),English,Sept - Feb
Belgium,Feb - Junewww.khleuven.be,Business (Erasmus+),English,Sept - Feb,Belgium,Thomas More Mechelen-Antwerpen,"Tourism, Engineering Trades, ICT,",English,Sept - Feb
Belgium,Thomas More Mechelen-Antwerpen,"Tourism, Engineering Trades, ICT,",English,Sept - Feb,Belgium,Thomas More Mechelen-Antwerpen,"Tourism, Engineering Trades, ICT,",English,Sept - Jan
Belgium,Thomas More Mechelen-Antwerpen,"Tourism, Engineering Trades, ICT,",English,Sept - Jan,Belgium,Thomas More Mechelen-Antwerpen,Applied Psychology (Social & Behavioural,English,Sept - Jan
Belgium,Thomas More Mechelen-Antwerpen,Applied Psychology (Social & Behavioural,English,Sept - Jan,Belgium,Thomas More Mechelen-Antwerpen,Applied Psychology (Social & Behavioural,English,Feb - June
Belgium,Thomas More Mechelen-Antwerpen,Applied Psychology (Social & Behavioural,English,Feb - June,Belgium,www.thomasmore.be,Sciences) (Erasmus+),English,Feb - June
Belgium,www.thomasmore.be,Sciences) (Erasmus+),English,Feb - June,Belgium,Universidade de Fortaleza,Business and Management,English,Feb - June
Belgium,Universidade de Fortaleza,Business and Management,English,Feb - June,Belgium,Universidade de Fortaleza,Business and Management,English,Aug - Dec
Belgium,Universidade de Fortaleza,Business and Management,English,Aug - Dec,Brazil,Universidade de Fortaleza,Double Degree for IM & SIM (Erasmus+,English,Aug - Dec
Brazil,Universidade de Fortaleza,Double Degree for IM & SIM (Erasmus+,English,Aug - Dec,Brazil,Universidade de Fortaleza,Double Degree for IM & SIM (Erasmus+,English,Feb - June
Brazil,Universidade de Fortaleza,Double Degree for IM & SIM (Erasmus+,English,Feb - June,Brazil,for DD)www.unifor.br,Double Degree for IM & SIM (Erasmus+,English,Feb - June
Brazil,for DD)www.unifor.br,Double Degree for IM & SIM (Erasmus+,English,Feb - June,Brazil,Universidade de  Ouro Preto,"Business & Economy, Tourism,",English,Aug - Dec
Brazil,Universidade de  Ouro Preto,"Business & Economy, Tourism,",English,Aug - Dec,Brazil,Universidade de  Ouro Preto,"Engineering, Health, Computer Science;",Portuguese,Aug - Dec
Brazil,Universidade de  Ouro Preto,"Engineering, Health, Computer Science;",Portuguese,Aug - Dec,Brazil,March - Julywww.caint.ufop.br,Media Technology,Portuguese,Aug - Dec
Brazil,March - Julywww.caint.ufop.br,Media Technology,Portuguese,Aug - Dec,Brazil,"Universidade Federal do Espírito Santo, Vitória",Media Technology,Portuguese,Aug - Dec
Brazil,"Universidade Federal do Espírito Santo, Vitória",Media Technology,Portuguese,Aug - Dec,Brazil,"Universidade Federal do Espírito Santo, Vitória",Electrical  & Mechanical Engineering,Portuguese,Aug - Dec
Brazil,"Universidade Federal do Espírito Santo, Vitória",Electrical  & Mechanical Engineering,Portuguese,Aug - Dec,Brazil,March - Julywww.ufes.br,Electrical  & Mechanical Engineering,Portuguese,Aug - Dec
Brazil,March - Julywww.ufes.br,Electrical  & Mechanical Engineering,Portuguese,Aug - Dec,Brazil,"Universidade Sagrado Coracao, Bauro/ Sao Paulo","Engineering, International Relations,",Portuguese,Aug - Dec
Brazil,"Universidade Sagrado Coracao, Bauro/ Sao Paulo","Engineering, International Relations,",Portuguese,Aug - Dec,Brazil,Jan - Junewww.usc.br,"Computing, Media Technology",Portuguese,Aug - Dec
Brazil,Jan - Junewww.usc.br,"Computing, Media Technology",Portuguese,Aug - Dec,Denmark,Jan - Junewww.usc.br,"Computing, Media Technology",Portuguese,Aug - Dec
Denmark,Jan - Junewww.usc.br,"Computing, Media Technology",Portuguese,Aug - Dec,Ecuador,Jan - Junewww.usc.br,"Computing, Media Technology",Portuguese,Aug - Dec
Ecuador,Jan - Junewww.usc.br,"Computing, Media Technology",Portuguese,Aug - Dec,Estonia,Jan - Junewww.usc.br,"Computing, Media Technology",Portuguese,Aug - Dec
Estonia,Jan - Junewww.usc.br,"Computing, Media Technology",Portuguese,Aug - Dec,Finland,Jan - Junewww.usc.br,"Computing, Media Technology",Portuguese,Aug - Dec
Finland,Jan - Junewww.usc.br,"Computing, Media Technology",Portuguese,Aug - Dec,France,Jan - Junewww.usc.br,"Computing, Media Technology",Portuguese,Aug - Dec
France,Jan - Junewww.usc.br,"Computing, Media Technology",Portuguese,Aug - Dec,Georgia,Jan - Junewww.usc.br,"Computing, Media Technology",Portuguese,Aug - Dec
Georgia,Jan - Junewww.usc.br,"Computing, Media Technology",Portuguese,Aug - Dec,GB,Jan - Junewww.usc.br,"Computing, Media Technology",Portuguese,Aug - Dec
GB,Jan - Junewww.usc.br,"Computing, Media Technology",Portuguese,Aug - Dec,GB,Business,"Computing, Media Technology",English,Aug - Dec
GB,Business,"Computing, Media Technology",English,Aug - Dec,Greece,Tourism (Erasmus+),"Computing, Media Technology",English,Aug - Dec
Greece,Tourism (Erasmus+),"Computing, Media Technology",English,Aug - Dec,Greece,"Business, Nursing, Therapy, Tourism,","Computing, Media Technology","Greek, possibly",Aug - Dec
Greece,"Business, Nursing, Therapy, Tourism,","Computing, Media Technology","Greek, possibly",Aug - Dec,Greece,Elect.Engineering (Erasmus+),"Computing, Media Technology",English,Aug - Dec
Greece,Elect.Engineering (Erasmus+),"Computing, Media Technology",English,Aug - Dec,Greece,Therapy and Rehabilitation (Erasmus+),"Computing, Media Technology","Greek, English",Aug - Dec
Greece,Therapy and Rehabilitation (Erasmus+),"Computing, Media Technology","Greek, English",Aug - Dec,Greece,"Business, Economics, Elect. & Civil","Computing, Media Technology","Greek, English",Aug - Dec
Greece,"Business, Economics, Elect. & Civil","Computing, Media Technology","Greek, English",Aug - Dec,Hungary,"Business, Economics, Elect. & Civil","Computing, Media Technology",English,Aug - Dec
Hungary,"Business, Economics, Elect. & Civil","Computing, Media Technology",English,Aug - Dec,Hungary,"Business, Econommics (Erasmus+)","Computing, Media Technology",German,Aug - Dec
Hungary,"Business, Econommics (Erasmus+)","Computing, Media Technology",German,Aug - Dec,Hungary,"Business, Engineering (Erasmus+)","Computing, Media Technology",English,Aug - Dec
Hungary,"Business, Engineering (Erasmus+)","Computing, Media Technology",English,Aug - Dec,Hungary,"Business, Civil and Environmental Eng.","Computing, Media Technology",English,Aug - Dec
Hungary,"Business, Civil and Environmental Eng.","Computing, Media Technology",English,Aug - Dec,Hungary,"Business, Economics, Mechanical and","Computing, Media Technology",English,Aug - Dec
Hungary,"Business, Economics, Mechanical and","Computing, Media Technology",English,Aug - Dec,India,"Business, Media Technology","Computing, Media Technology",English,Aug - Dec
India,"Business, Media Technology","Computing, Media Technology",English,Aug - Dec,Ireland,"Engineering, Business (Erasmus+)","Computing, Media Technology",English,Aug - Dec
Ireland,"Engineering, Business (Erasmus+)","Computing, Media Technology",English,Aug - Dec,Ireland,"Business, Media Technology","Computing, Media Technology",English,Aug - Dec
Ireland,"Business, Media Technology","Computing, Media Technology",English,Aug - Dec,Ireland,"Engineering, Business (ital.)","Computing, Media Technology","Italian, possibly",Aug - Dec
Ireland,"Engineering, Business (ital.)","Computing, Media Technology","Italian, possibly",Aug - Dec,Italy,"Engineering, Business (ital.)","Computing, Media Technology","Italian, possibly",Aug - Dec
Italy,"Engineering, Business (ital.)","Computing, Media Technology","Italian, possibly",Aug - Dec,Italy,"Engineering, Business (ital.)","Computing, Media Technology",English,Aug - Dec
Italy,"Engineering, Business (ital.)","Computing, Media Technology",English,Aug - Dec,Italy,"Business, Economics","Computing, Media Technology",English,Aug - Dec
Italy,"Business, Economics","Computing, Media Technology",English,Aug - Dec,Italy,"Business, Economics","Computing, Media Technology","Italian, possibly",Aug - Dec
Italy,"Business, Economics","Computing, Media Technology","Italian, possibly",Aug - Dec,Italy,"ICT, Computer Engineering (Erasmus+)","Computing, Media Technology","Italian, possibly",Aug - Dec
Italy,"ICT, Computer Engineering (Erasmus+)","Computing, Media Technology","Italian, possibly",Aug - Dec,Italy,"ICT, Computer Engineering (Erasmus+)","Computing, Media Technology",English,Aug - Dec
Italy,"ICT, Computer Engineering (Erasmus+)","Computing, Media Technology",English,Aug - Dec,Italy,"ICT, Computer Engineering (Erasmus+)","Computing, Media Technology","Italian, English",Aug - Dec
Italy,"ICT, Computer Engineering (Erasmus+)","Computing, Media Technology","Italian, English",Aug - Dec,Italy,Business (Erasmus+),"Computing, Media Technology","Italian, English",Aug - Dec
Italy,Business (Erasmus+),"Computing, Media Technology","Italian, English",Aug - Dec,Italy,Business (Erasmus+),"Computing, Media Technology",(Master),Aug - Dec
Italy,Business (Erasmus+),"Computing, Media Technology",(Master),Aug - Dec,Italy,Business (Erasmus+),"Computing, Media Technology","Italian, possibly",Aug - Dec
Italy,Business (Erasmus+),"Computing, Media Technology","Italian, possibly",Aug - Dec,Italy,Tourism (Erasmus+),"Computing, Media Technology","Italian, possibly",Aug - Dec
Italy,Tourism (Erasmus+),"Computing, Media Technology","Italian, possibly",Aug - Dec,Italy,Tourism (Erasmus+),"Computing, Media Technology",English,Aug - Dec
Italy,Tourism (Erasmus+),"Computing, Media Technology",English,Aug - Dec,Japan,"Business, Media Technology","Computing, Media Technology",English,Aug - Dec
Japan,"Business, Media Technology","Computing, Media Technology",English,Aug - Dec,Japan,"Business, Engineering, Social Work,","Computing, Media Technology",English,Aug - Dec
Japan,"Business, Engineering, Social Work,","Computing, Media Technology",English,Aug - Dec,Jordan,"Business, Engineering, Social Work,","Computing, Media Technology","English, German",Aug - Dec
Jordan,"Business, Engineering, Social Work,","Computing, Media Technology","English, German",Aug - Dec,Korea,"Business, Electrical Engineering","Computing, Media Technology",English,Aug - Dec
Korea,"Business, Electrical Engineering","Computing, Media Technology",English,Aug - Dec,Korea,"Business, Engineering","Computing, Media Technology",English,Aug - Dec
Korea,"Business, Engineering","Computing, Media Technology",English,Aug - Dec,Korea,"Engineering, Economics","Computing, Media Technology",English,Aug - Dec
Korea,"Engineering, Economics","Computing, Media Technology",English,Aug - Dec,Korea,"Business,  Engineering","Computing, Media Technology",English,Aug - Dec
Korea,"Business,  Engineering","Computing, Media Technology",English,Aug - Dec,Korea,"Business, Electrical Engineering,","Computing, Media Technology",English,Aug - Dec
Korea,"Business, Electrical Engineering,","Computing, Media Technology",English,Aug - Dec,Korea,"Business, Computing, Korean Culture","Computing, Media Technology",English,Aug - Dec
Korea,"Business, Computing, Korean Culture","Computing, Media Technology",English,Aug - Dec,Korea,"Business, Tourism, Media Technology","Computing, Media Technology",English,Aug - Dec
Korea,"Business, Tourism, Media Technology","Computing, Media Technology",English,Aug - Dec,Korea,"Business, Computer Science, Psychology","Computing, Media Technology",English,Aug - Dec
Korea,"Business, Computer Science, Psychology","Computing, Media Technology",English,Aug - Dec,Latvia,"Business, Computer Science, Psychology","Computing, Media Technology",English,Aug - Dec
Latvia,"Business, Computer Science, Psychology","Computing, Media Technology",English,Aug - Dec,Latvia,Engineering (Erasmus+),"Computing, Media Technology",English,Aug - Dec
Latvia,Engineering (Erasmus+),"Computing, Media Technology",English,Aug - Dec,Latvia,"Computer Science, Media Technology","Computing, Media Technology",English,Aug - Dec
Latvia,"Computer Science, Media Technology","Computing, Media Technology",English,Aug - Dec,Latvia,"Business, Engineering, Civil Engineering","Computing, Media Technology",English,Aug - Dec
Latvia,"Business, Engineering, Civil Engineering","Computing, Media Technology",English,Aug - Dec,Latvia,Business (Erasmus+),"Computing, Media Technology",English,Aug - Dec
Latvia,Business (Erasmus+),"Computing, Media Technology",English,Aug - Dec,Lebanon,"Business, Engineering","Computing, Media Technology",English,Aug - Dec
Lebanon,"Business, Engineering","Computing, Media Technology",English,Aug - Dec,Lithuania,"Business, Tourism (Erasmus+)","Computing, Media Technology",English,Aug - Dec
Lithuania,"Business, Tourism (Erasmus+)","Computing, Media Technology",English,Aug - Dec,Lithuania,"Engineering, ICT (Erasmus+)","Computing, Media Technology",English,Aug - Dec
Lithuania,"Engineering, ICT (Erasmus+)","Computing, Media Technology",English,Aug - Dec,Lithuania,"Building & Civil Engineering, Industrial","Computing, Media Technology",English,Aug - Dec
Lithuania,"Building & Civil Engineering, Industrial","Computing, Media Technology",English,Aug - Dec,Luxembourg,"Building & Civil Engineering, Industrial","Computing, Media Technology","French, English",Aug - Dec
Luxembourg,"Building & Civil Engineering, Industrial","Computing, Media Technology","French, English",Aug - Dec,Malaysia,"Electrical Engineering, Media Technology","Computing, Media Technology",English,Aug - Dec
Malaysia,"Electrical Engineering, Media Technology","Computing, Media Technology",English,Aug - Dec,Malaysia,All Study Programs (undergraduate /,"Computing, Media Technology",English,Aug - Dec
Malaysia,All Study Programs (undergraduate /,"Computing, Media Technology",English,Aug - Dec,Malta,All Study Programs (undergraduate /,"Computing, Media Technology",English,Aug - Dec
Malta,All Study Programs (undergraduate /,"Computing, Media Technology",English,Aug - Dec,Malta,"Business, Media Technology; Double","Computing, Media Technology",English,Aug - Dec
Malta,"Business, Media Technology; Double","Computing, Media Technology",English,Aug - Dec,Mexico,"Business, Media Technology; Double","Computing, Media Technology",Spanish,Aug - Dec
Mexico,"Business, Media Technology; Double","Computing, Media Technology",Spanish,Aug - Dec,Mexico,"Economics, Media Technology","Computing, Media Technology",Spanish,Aug - Dec
Mexico,"Economics, Media Technology","Computing, Media Technology",Spanish,Aug - Dec,Mexico,"Business, Tourism","Computing, Media Technology",Spanish,Aug - Dec
Mexico,"Business, Tourism","Computing, Media Technology",Spanish,Aug - Dec,Mexico,"Business & Engineering, Media","Computing, Media Technology","Spanish, possibly",Aug - Dec
Mexico,"Business & Engineering, Media","Computing, Media Technology","Spanish, possibly",Aug - Dec,Mexico,"Business & Engineering, Media","Computing, Media Technology",English,Aug - Dec
Mexico,"Business & Engineering, Media","Computing, Media Technology",English,Aug - Dec,Mongolia,Training Sciences (2 semester!),"Computing, Media Technology",possibly English,Aug - Dec
Mongolia,Training Sciences (2 semester!),"Computing, Media Technology",possibly English,Aug - Dec,Mongolia,"Business, Economics","Computing, Media Technology",possibly English,Aug - Dec
Mongolia,"Business, Economics","Computing, Media Technology",possibly English,Aug - Dec,Mongolia,"Engineering, Informatics, Health","Computing, Media Technology",possibly English,Aug - Dec
Mongolia,"Engineering, Informatics, Health","Computing, Media Technology",possibly English,Aug - Dec,Namibia,"Engineering, Informatics, Health","Computing, Media Technology",English,Aug - Dec
Namibia,"Engineering, Informatics, Health","Computing, Media Technology",English,Aug - Dec,Namibia,"Sciences, Business","Computing, Media Technology",English,Aug - Dec
Namibia,"Sciences, Business","Computing, Media Technology",English,Aug - Dec,Netherlands,Business (Erasmus+),"Computing, Media Technology",English,Aug - Dec
Netherlands,Business (Erasmus+),"Computing, Media Technology",English,Aug - Dec,Netherlands,"B  u  s  in  e  s sa n  d Engineering, ICT","Computing, Media Technology",English,Aug - Dec
Netherlands,"B  u  s  in  e  s sa n  d Engineering, ICT","Computing, Media Technology",English,Aug - Dec,Netherlands,"Business and Engineering, ICT","Computing, Media Technology",English,Aug - Dec
Netherlands,"Business and Engineering, ICT","Computing, Media Technology",English,Aug - Dec,Netherlands,"Business, Tourism (Erasmus+)","Computing, Media Technology",English,Aug - Dec
Netherlands,"Business, Tourism (Erasmus+)","Computing, Media Technology",English,Aug - Dec,Netherlands,"Business, Engineering; Double Degree IM","Computing, Media Technology",English,Aug - Dec
Netherlands,"Business, Engineering; Double Degree IM","Computing, Media Technology",English,Aug - Dec,New Zealand,"Business, Engineering; Double Degree IM","Computing, Media Technology",English,Aug - Dec
New Zealand,"Business, Engineering; Double Degree IM","Computing, Media Technology",English,Aug - Dec,New Zealand,Business focussed on Logistics,"Computing, Media Technology",English,Aug - Dec
New Zealand,Business focussed on Logistics,"Computing, Media Technology",English,Aug - Dec,Norway,Business focussed on Logistics,"Computing, Media Technology",English,Aug - Dec
Norway,Business focussed on Logistics,"Computing, Media Technology",English,Aug - Dec,Norway,ICT (Campus Grimstad) (Erasmus+),"Computing, Media Technology",English,Aug - Dec
Norway,ICT (Campus Grimstad) (Erasmus+),"Computing, Media Technology",English,Aug - Dec,Peru,"Business, Tourism, Media Technology","Computing, Media Technology",Spanish,Aug - Dec
Peru,"Business, Tourism, Media Technology","Computing, Media Technology",Spanish,Aug - Dec,Poland,Civil Engineering (Erasmus+),"Computing, Media Technology",English,Aug - Dec
Poland,Civil Engineering (Erasmus+),"Computing, Media Technology",English,Aug - Dec,Poland,"Building and Civil Engineering,","Computing, Media Technology",English,Aug - Dec
Poland,"Building and Civil Engineering,","Computing, Media Technology",English,Aug - Dec,Poland,"Business, Economics, Media Technology","Computing, Media Technology",English,Aug - Dec
Poland,"Business, Economics, Media Technology","Computing, Media Technology",English,Aug - Dec,Poland,"Engineering, Business, Tourism,","Computing, Media Technology",English,Aug - Dec
Poland,"Engineering, Business, Tourism,","Computing, Media Technology",English,Aug - Dec,Poland,"Business, Tourism, Economics","Computing, Media Technology",English,Aug - Dec
Poland,"Business, Tourism, Economics","Computing, Media Technology",English,Aug - Dec,Poland,"Business, Engineering (Erasmus+)","Computing, Media Technology",English,Aug - Dec
Poland,"Business, Engineering (Erasmus+)","Computing, Media Technology",English,Aug - Dec,Poland,Business (Erasmus+),"Computing, Media Technology",English,Aug - Dec
Poland,Business (Erasmus+),"Computing, Media Technology",English,Aug - Dec,Poland,"Business, Administration, Law","Computing, Media Technology",English,Aug - Dec
Poland,"Business, Administration, Law","Computing, Media Technology",English,Aug - Dec,Poland,"Business, Administration, Law","Computing, Media Technology","Portuguese,",Aug - Dec
Poland,"Business, Administration, Law","Computing, Media Technology","Portuguese,",Aug - Dec,Portugal,Engineering & Electronics  (Erasmus+),"Computing, Media Technology","Portuguese,",Aug - Dec
Portugal,Engineering & Electronics  (Erasmus+),"Computing, Media Technology","Portuguese,",Aug - Dec,Portugal,Engineering & Electronics  (Erasmus+),"Computing, Media Technology",possibly English,Aug - Dec
Portugal,Engineering & Electronics  (Erasmus+),"Computing, Media Technology",possibly English,Aug - Dec,Portugal,"Business, Tourism (Erasmus+)","Computing, Media Technology",Portuguese,Aug - Dec
Portugal,"Business, Tourism (Erasmus+)","Computing, Media Technology",Portuguese,Aug - Dec,Portugal,"Business, Tourism (Erasmus+)","Computing, Media Technology","Portuguese,",Aug - Dec
Portugal,"Business, Tourism (Erasmus+)","Computing, Media Technology","Portuguese,",Aug - Dec,Portugal,"Business, Computer Science (Erasmus+)","Computing, Media Technology","Portuguese,",Aug - Dec
Portugal,"Business, Computer Science (Erasmus+)","Computing, Media Technology","Portuguese,",Aug - Dec,Portugal,"Business, Computer Science (Erasmus+)","Computing, Media Technology",English,Aug - Dec
Portugal,"Business, Computer Science (Erasmus+)","Computing, Media Technology",English,Aug - Dec,Portugal,"Tourism, ICT (Erasmus+)","Computing, Media Technology","Portuguese,",Aug - Dec
Portugal,"Tourism, ICT (Erasmus+)","Computing, Media Technology","Portuguese,",Aug - Dec,Portugal,"Tourism, ICT (Erasmus+)","Computing, Media Technology",(English),Aug - Dec
Portugal,"Tourism, ICT (Erasmus+)","Computing, Media Technology",(English),Aug - Dec,Romania,Business (Erasmus+),"Computing, Media Technology","German, English",Aug - Dec
Romania,Business (Erasmus+),"Computing, Media Technology","German, English",Aug - Dec,Romania,"Business, Economics, Engineering","Computing, Media Technology","Romanian,",Aug - Dec
Romania,"Business, Economics, Engineering","Computing, Media Technology","Romanian,",Aug - Dec,Romania,"Business, Economics, Engineering","Computing, Media Technology",English,Aug - Dec
Romania,"Business, Economics, Engineering","Computing, Media Technology",English,Aug - Dec,Romania,"Engineering,  Electrical Eng. (in German!)","Computing, Media Technology",English,Aug - Dec
Romania,"Engineering,  Electrical Eng. (in German!)","Computing, Media Technology",English,Aug - Dec,Romania,"Engineering,  Electrical Eng. (in German!)","Computing, Media Technology","English, German",Aug - Dec
Romania,"Engineering,  Electrical Eng. (in German!)","Computing, Media Technology","English, German",Aug - Dec,Romania,Engineering (Erasmus+),"Computing, Media Technology","English, German",Aug - Dec
Romania,Engineering (Erasmus+),"Computing, Media Technology","English, German",Aug - Dec,Russia,Business,"Computing, Media Technology",English,Aug - Dec
Russia,Business,"Computing, Media Technology",English,Aug - Dec,Russia,Electrical Engineering (BA/MA),"Computing, Media Technology",English,Aug - Dec
Russia,Electrical Engineering (BA/MA),"Computing, Media Technology",English,Aug - Dec,Russia,Medical Informatics (Erasmus+ KA171),"Computing, Media Technology",English,Aug - Dec
Russia,Medical Informatics (Erasmus+ KA171),"Computing, Media Technology",English,Aug - Dec,Russia,"Business, Engineering","Computing, Media Technology",English,Aug - Dec
Russia,"Business, Engineering","Computing, Media Technology",English,Aug - Dec,Slovakia,"Business, Engineering (Erasmus+)","Computing, Media Technology",English,Aug - Dec
Slovakia,"Business, Engineering (Erasmus+)","Computing, Media Technology",English,Aug - Dec,Slovakia,Tourism,"Computing, Media Technology",English,Aug - Dec
Slovakia,Tourism,"Computing, Media Technology",English,Aug - Dec,Slovakia,"Informatics, Engineering (Erasmus+)","Computing, Media Technology",English,Aug - Dec
Slovakia,"Informatics, Engineering (Erasmus+)","Computing, Media Technology",English,Aug - Dec,Slovakia,"ICT, Engineering & Eng. Trades","Computing, Media Technology",English,Aug - Dec
Slovakia,"ICT, Engineering & Eng. Trades","Computing, Media Technology",English,Aug - Dec,Slovenia,Master Electrical Engineering (Erasmus+),"Computing, Media Technology",English,Aug - Dec
Slovenia,Master Electrical Engineering (Erasmus+),"Computing, Media Technology",English,Aug - Dec,Slovenia,Tourism (Erasmus+),"Computing, Media Technology",English,Aug - Dec
Slovenia,Tourism (Erasmus+),"Computing, Media Technology",English,Aug - Dec,Slovenia,"Media Technology, Tourism, Engineering","Computing, Media Technology",English,Aug - Dec
Slovenia,"Media Technology, Tourism, Engineering","Computing, Media Technology",English,Aug - Dec,Spain,"Media Technology, Tourism, Engineering","Computing, Media Technology",Spanish,Aug - Dec
Spain,"Media Technology, Tourism, Engineering","Computing, Media Technology",Spanish,Aug - Dec,Spain,"Business, Tourism (Erasmus+)","Computing, Media Technology","Spanish, English",Aug - Dec
Spain,"Business, Tourism (Erasmus+)","Computing, Media Technology","Spanish, English",Aug - Dec,Spain,"Business, Tourism (engl.), Media","Computing, Media Technology","Spanish, English",Aug - Dec
Spain,"Business, Tourism (engl.), Media","Computing, Media Technology","Spanish, English",Aug - Dec,Spain,"Tourism, Business, Engineering,","Computing, Media Technology","Spanish, English",Aug - Dec
Spain,"Tourism, Business, Engineering,","Computing, Media Technology","Spanish, English",Aug - Dec,Spain,"Engineering, Engineering Trades","Computing, Media Technology","Spanish, English",Aug - Dec
Spain,"Engineering, Engineering Trades","Computing, Media Technology","Spanish, English",Aug - Dec,Spain,"Health, Engineering, ICT (Erasmus+)","Computing, Media Technology","Spanish, English",Aug - Dec
Spain,"Health, Engineering, ICT (Erasmus+)","Computing, Media Technology","Spanish, English",Aug - Dec,Spain,"Economic, Business, Media Production/ -","Computing, Media Technology","Spanish, English",Aug - Dec
Spain,"Economic, Business, Media Production/ -","Computing, Media Technology","Spanish, English",Aug - Dec,Spain,"Economic, Business, Media Production/ -","Computing, Media Technology",Spanish,Aug - Dec
Spain,"Economic, Business, Media Production/ -","Computing, Media Technology",Spanish,Aug - Dec,Spain,"Civil Engineering, Environmental Studies,","Computing, Media Technology",Spanish,Aug - Dec
Spain,"Civil Engineering, Environmental Studies,","Computing, Media Technology",Spanish,Aug - Dec,Spain,"Civil Engineering, Environmental Studies,","Computing, Media Technology","Spanish, English",Aug - Dec
Spain,"Civil Engineering, Environmental Studies,","Computing, Media Technology","Spanish, English",Aug - Dec,Spain,"Business, Tourism, Health Informatics","Computing, Media Technology","Spanish, possibly",Aug - Dec
Spain,"Business, Tourism, Health Informatics","Computing, Media Technology","Spanish, possibly",Aug - Dec,Spain,"Business, Tourism, Health Informatics","Computing, Media Technology",English,Aug - Dec
Spain,"Business, Tourism, Health Informatics","Computing, Media Technology",English,Aug - Dec,Spain,"Tourism, Business, Engineering, Media","Computing, Media Technology",English,Aug - Dec
Spain,"Tourism, Business, Engineering, Media","Computing, Media Technology",English,Aug - Dec,Spain,"Technology, Environmental Engineering","Computing, Media Technology","Spanish, English",Aug - Dec
Spain,"Technology, Environmental Engineering","Computing, Media Technology","Spanish, English",Aug - Dec,Spain,(Erasmus+),"Computing, Media Technology","Spanish, English",Aug - Dec
Spain,(Erasmus+),"Computing, Media Technology","Spanish, English",Aug - Dec,Spain,"Business, Engineering (Erasmus+)","Computing, Media Technology","Spanish, English",Aug - Dec
Spain,"Business, Engineering (Erasmus+)","Computing, Media Technology","Spanish, English",Aug - Dec,Spain,"Business, Engineering, Tourism","Computing, Media Technology","Spanish, possibly",Aug - Dec
Spain,"Business, Engineering, Tourism","Computing, Media Technology","Spanish, possibly",Aug - Dec,Spain,"Business, Engineering, Tourism","Computing, Media Technology",English,Aug - Dec
Spain,"Business, Engineering, Tourism","Computing, Media Technology",English,Aug - Dec,Spain,Tourism (Erasmus+),"Computing, Media Technology",Spanish,Aug - Dec
Spain,Tourism (Erasmus+),"Computing, Media Technology",Spanish,Aug - Dec,Spain,"Business, Engineering, Electronics","Computing, Media Technology","Spanish, possibly",Aug - Dec
Spain,"Business, Engineering, Electronics","Computing, Media Technology","Spanish, possibly",Aug - Dec,Spain,"Business, Engineering, Electronics","Computing, Media Technology",English,Aug - Dec
Spain,"Business, Engineering, Electronics","Computing, Media Technology",English,Aug - Dec,Spain,"IT, Tourism, Business, Psychology","Computing, Media Technology","Spanish, possibly",Aug - Dec
Spain,"IT, Tourism, Business, Psychology","Computing, Media Technology","Spanish, possibly",Aug - Dec,Spain,"IT, Tourism, Business, Psychology","Computing, Media Technology",English,Aug - Dec
Spain,"IT, Tourism, Business, Psychology","Computing, Media Technology",English,Aug - Dec,Spain,Electronics & Automation (Erasmus+),"Computing, Media Technology","Spanish, English",Aug - Dec
Spain,Electronics & Automation (Erasmus+),"Computing, Media Technology","Spanish, English",Aug - Dec,Spain,"Business, Tourism (Erasmus+)","Computing, Media Technology",Spanish,Aug - Dec
Spain,"Business, Tourism (Erasmus+)","Computing, Media Technology",Spanish,Aug - Dec,Spain,Business (Erasmus+),"Computing, Media Technology","Spanish, English",Aug - Dec
Spain,Business (Erasmus+),"Computing, Media Technology","Spanish, English",Aug - Dec,Sweden,Business (Erasmus+),"Computing, Media Technology","Spanish, English",Aug - Dec
Sweden,Business (Erasmus+),"Computing, Media Technology","Spanish, English",Aug - Dec,Sweden,ICT (Erasmus+),"Computing, Media Technology",English,Aug - Dec
Sweden,ICT (Erasmus+),"Computing, Media Technology",English,Aug - Dec,Sweden,"Engineering, Computer Science","Computing, Media Technology",English,Aug - Dec
Sweden,"Engineering, Computer Science","Computing, Media Technology",English,Aug - Dec,Sweden,"Engineering, Computer Science","Computing, Media Technology","German, English,",Aug - Dec
Sweden,"Engineering, Computer Science","Computing, Media Technology","German, English,",Aug - Dec,Switzerland,Angewandte Trainingswissenschaften,"Computing, Media Technology","German, English,",Aug - Dec
Switzerland,Angewandte Trainingswissenschaften,"Computing, Media Technology","German, English,",Aug - Dec,Switzerland,Angewandte Trainingswissenschaften,"Computing, Media Technology",French,Aug - Dec
