Country;University;Study Fields
Argentina;Universidad de San Martin, Buenos Aires;All Study Programs
Armenia;Russian-Armenian University, Yerevan;ICT, Economics, Management and Administration, Double Degree in M-DH
Aruba;University of Aruba, Oranjestad;Business, Tourism (Erasmus+)
Australia;University of the Sunshine Coast : Sippy Downs;Business, Tourism, Electrical and Civil Eng., Media Technology, Double Degree for IM & SIM (tuition fees!)
Austria;CAMPUS 02 Fachhochschule der Wirtschaft GmbH, Graz;Business Studies, ICTs, Eng./Eng.-Trades (Erasmus+)
Austria;IMC FH Krems - University of Applied Management Sciences;Business Double Degree for SIM (Erasmus+)
Austria;Fachhochschule Kärnten, Villach und Spittal;Economics, Eng./ Trades, Civil Eng., Mechanics (Erasmus+)
Austria;FH Campus Wien - University of Applied Sciences;Electrical Engineering, Mechatronics, ICT (Erasmus+)
Austria;FH Wien der WKW University of Applied Sciences for Management and Communication;Business and Administration (Erasmus+)
Belarus;Belarusian National Technical University, Minsk;Engineering, Business
Belarus;Belarus State Economic University, Minsk;Tourism
Belgium;Artevelde University College Gent;Business (Erasmus+ and RIBA), Eventmanagement, TM, Health Care
Belgium;Thomas More Kempen, Geel;Business Studies, Electrical Engineering (Erasmus+)
Belgium;University Colleges Leuven-Limburg;Business (Erasmus+)
Belgium;Thomas More Mechelen-Antwerpen;Tourism, Engineering Trades, ICT, Applied Psychology (Social & Behavioural Sciences) (Erasmus+)
Brazil;Universidade de Fortaleza;Business and Management Double Degree for IM & SIM (Erasmus+ for DD)
Brazil;Universidade de Ouro Preto;"Business & Economy, Tourism, Engineering, Health, Computer Science; Media Technology"
Brazil;Universidade Federal do Espírito Santo, Vitória;Electrical & Mechanical Engineering
Brazil;Universidade Sagrado Coracao, Bauro/ Sao Paulo;Engineering, International Relations, Computing, Media Technology
Bulgaria;American University in Bulgaria, Blagoevgrad;Business, Economics, Media, European Studies (Erasmus+)
Bulgaria;Technical University of Sofia at Plovdiv;Business and Management (Erasmus+)
Bulgaria;Angel Kanchev University of Ruse;Business, ICT, Media Technology (Erasmus+)
Bulgaria;University of Economics, Varna;Business, Tourism (Erasmus+)
Bulgaria;"Varna Free University ""Chernorizets Hrabar""";Tourism
Bulgaria;Prof. Dr. Asen Zlatarov University, Burgas;ICT (Erasmus+)
Canada;Lakehead University, Thunder Bay;Business, Engineering, Tourism, Computer Science, Media Studies (tuition fees!)
Canada;Douglas College, Vancouver;All Study Programmes (except for Health), focussed on Training Sciences
Chile;Universidad Austral de Chile, Valdivia;Business, Tourism, Engineering
Chile;Fundación Instituto Profesional Duoc Uc, Santiago;Business
Chile;Universidad Mayor, Santiago de Chile;Business, Civil Engineering
Chile;Universidad de Concepción;Engineering, Business
China;Shenzhen Technology University;Business, Engineering, Health
Colombia;Universidad Nacional de Colombia, Bogotá;Business, Engineering, ICT
Croatia;University of Zagreb;Business (Erasmus+)
Croatia;University of Osijek;Computer Science, Engineering, Communication Studies (Erasmus+)
Croatia;Algebra University College, Zagreb;Computer Science (Erasmus+)
Croatia;University of Rijeka, Opatija;Business
Cyprus;University of Nicosia;Business, Tourism, ICT, Sports, Psychology, Media, Engineering (Erasmus+)
Cyprus;Frederick University Cyprus, Limassol/Nicosia;Business, Engineering, ICT, Media (Erasmus+)
Czech Republic;Mendel University Brno;"Business, Economics; Double Degree for SIM (Erasmus+)"
Czech Republic;Tomas Bata University in Zlín;Engineering, Trades (Erasmus+)
Czech Republic;University of West Bohemia Plzen;"Business, Engineering, Health; Double Degree for Master ET and AI (Erasmus+)"
Czech Republic;Institute of Technology and Busines, ?eské Bud?jovice;Building and Civil Engineering, Business & Administration, Logistics, Mechanics (Erasmus+)
Czech Republic;University of South Bohemia, ?eské Bud?jovice;Business, Economics, Health (Erasmus+)
Czech Republic;University College Prague (früher: Institute of Hospitality Management);Tourism, Hospitality (Erasmus+)
Czech Republic;Metropolitan University Prague;Business, European Studies, Media Studies (Erasmus+)
Czech Republic;University of Economics, Prague;Tourism
Czech Republic;Czech Technical University, Prague;Health, ICT (Erasmus+)
Denmark;University of Southern Denmark, Odense;Engineering & ICT, Business Administration (Erasmus+)
Denmark;University College of Northern Denmark (UCN), Aalborg;Business (Erasmus+)
Ecuador;Universidad Internacional del Ecuador, Quito;Business, Tourism, Media Technology, ICT
Estonia;TTK University of Applied Sciences, Tallinn;Business, Engineering (Erasmus+)
Finland;Häme University of Applied Sciences, Hameenlina and Valkeakoski;Business, Engineering and Automation, Double Degree for IM (Erasmus+)
Finland;Lapland University of Applied Sciences in Tornio,Rovaniemi and Kemi ;Business Studies, Tourism, Computer Sciences (Erasmus+)
Finland;Satakunta University of Applied Sciences, Pori;Business (RIBA), Economics, Engineering, Tourism (Erasmus+)
Finland;Seinäjoki University of Applied Sciences;Engineering, Business (Erasmus+)
Finland;Savonia University of Applied Sciences, Kuopio;Health Sciences, Business, Engineering (Erasmus+)
Finland;Diaconia University of Applied Sciences , Helsinki;Health Sciences (Erasmus+)
France;Université de Savoie Mont Blanc, Chambéry;Business (Erasmus+), Double Degree for SIM
France;IDRAC International School of Management, Lyon / Paris;Business (Erasmus+) Double Degree for IM
France;ISEN, Brest;Engineering, ICT, Business (Erasmus+)
France;ICAM Strasbourg - Europe;Engineering (Erasmus+)
France;Université de Bourgogne, Dijon;Engineering/ Eng. Trades (Erasmus+)
France;Université de Nantes;Engineering/-Trades, ICT (Erasmus+)
France;Institut Superieur de Gestion (ISG), Paris;Business (Erasmus+)
Georgia;Guram Tavartkiladze Tbilisi Teaching University;Tourism
Georgia;Caucasus International University, Tbilisi;Business
GB;Staffordshire University, Stoke-on-Trent;Media Technology: Animation
GB;Edinburgh Napier University;Business (Tuition Fees!)
GB;Northumbria University Newcastle;Electrical Engineering, Telecommunications
GB;University of the West of Scotland, Paisley;Business, Engineering, PhD
GB;Birkbeck University of London;Business
Greece;University of West Attica, Athens;Tourism (Erasmus+)
Greece;International Hellenic University, Thessaloniki;Business, Nursing, Therapy, Tourism, Elect.Engineering (Erasmus+)
Greece;Technological Educational Institute of Western Greece, Patra;Therapy and Rehabilitation (Erasmus+)
Hungary;Budapest University of Technology and Economics;Business, Economics, Elect. & Civil Engineering, Mechatronics (Erasmus+)
Hungary;Andrássy Universität, Budapest;Business, Econommics (Erasmus+)
Hungary;MATE Hungarian University of Agriculture and Life Sciences, Gödöllö und Budapest;Business, Engineering (Erasmus+)
Hungary;Eötvös József College, Baja;Business, Civil and Environmental Eng. (Erasmus+)
Hungary;Széchenyi István University, Györ;Business, Economics, Mechanical and Electrical Engineering (Erasmus+)
India;Indian Institute of Technology Madras, Chennai;Business, Media Technology
Ireland;Munster Technological University, Cork;Engineering, Business (Erasmus+)
Ireland;Griffith College Cork;Business, Media Technology (Tuition Fees!)
Italy;Università Degli Studi di Cagliari (Sardinien);Engineering, Business (ital.) (Erasmus+)
Italy;Università Ca’ Foscari Venezia;Business, Economics (Erasmus+)
Italy;Università Di Pisa;ICT, Computer Engineering (Erasmus+)
Italy;Università Degli Studi di Trento;Business (Erasmus+)
Italy;Università degli Studi dell' Insubria, Como;Tourism (Erasmus+)
Japan;Kansai Gaidai University, Hirakata (Osaka);Business, Media Technology
Jordan;German-Jordanian University, Madaba;Business, Engineering, Social Work, Media Technology
Korea;Inha University, Incheon/Seoul;Business, Electrical Engineering
Korea;Konkuk University, Seoul;Business, Engineering
Korea;Incheon National University;Business, Engineering
Korea;University of Ulsan;Engineering, Economics
Korea;Kongju National University, Gongju;Business, Engineering
Korea;Gyeongsang National University;Business, Engineering
Korea;Kookmin University, Seoul;Business, Electrical Engineering, Computing, Media Technology
Korea;Duksung Women’s University, Seoul;Business, Computing, Korean Culture
Korea;Hallym University, Chuncheon;Business, Tourism, Media Technology
Latvia;University of Latvia at Riga;Business, Computer Science, Psychology (Erasmus+)
Latvia;Riga Technical University;Engineering (Erasmus+)
Latvia;Daugavpils University;Computer Science, Media Technology (Erasmus+)
Latvia;Rezeknes Augstskola, Rézekne;Business, Engineering, Civil Engineering (Erasmus+)
Latvia;Ventspils University of Applied Sciences;Business (Erasmus+)
Lebanon;Rafik Hariri University Mechref;Business, Engineering
Lithuania;Kazimieras Simonavicuis University Vilnius;Business, Tourism (Erasmus+)
Lithuania;Vilnius College of Technologies and Design;Engineering, ICT (Erasmus+)
Luxembourg;Université du Luxembourg;Building & Civil Engineering, Industrial Engineering, Health (Erasmus+)
Malaysia;Universiti Malaysia Pahang;Electrical Engineering, Media Technology
Malta;University of Malta, Msida;All Study Programs (undergraduate / bachelor level, tuition fees!)
Mexico;Universidad de Colima;"Business, Media Technology; Double Degree for IM (Erasmus+ for DD)"
Mexico;Universidad del Valle de Atemajac, Guadalajara;Economics, Media Technology
Mexico;Universidad Marista de Mérida;Business, Tourism
Mexico;Universidad TEC Milenio Cancun and Merida;Business & Engineering, Media Technology
Mongolia;Mongolian National University of Medical Sciences Ulaanbaatar;Training Sciences (2 semester!)
Mongolia;Seruuleg University, Ulaanbaatar;Business, Economics
Namibia;Namibia University of Science and Technology, Windhoek;Engineering, Informatics, Health Sciences, Business
Netherlands;Rotterdam University of Applied Science,;Business (Erasmus+)
Netherlands;Fontys University of Applied Sciences, Eindhoven;Business and Engineering, ICT (Erasmus+)
Netherlands;Avans Hogeschool Breda / Tilburg;Business and Engineering, ICT (Erasmus+)
Netherlands;HZ UAS Vlissingen;Business, Tourism (Erasmus+)
New Zealand;Eastern Institute of Technology Hawke’s Bay;"Business, Engineering; Double Degree IM (Tuition Fees!)"
Norway;Molde University College;Business focussed on Logistics (Erasmus+)
Norway;University of Agder, Kristiansand;ICT (Campus Grimstad) (Erasmus+)
Peru;Universidad Peruana de Ciencias Aplicadas (UPC), Monterrico/ Lima;Business, Tourism, Media Technology
Poland;Politechnika Slaska, Gliwice;Civil Engineering (Erasmus+)
Poland;Academy of Silesia, Katowice;Building and Civil Engineering, Engineering (Erasmus+)
Poland;University of Economics Katowice;Business, Economics, Media Technology (Erasmus+)
Poland;Technical University Kielce;Engineering, Business, Tourism, Economics (Erasmus+)
Poland;Cracow University of Economics;Business, Tourism, Economics (Erasmus+)
Poland;Technical University of Lodz;Business, Engineering (Erasmus+)
Poland;University College of Enterprise and Administration, Lublin;Business (Erasmus+)
Poland;University of Bielsko-Biala;Business, Administration, Law (Erasmus+)
Portugal;Instituto Politécnico do Porto (ISEP);Engineering & Electronics (Erasmus+)
Portugal;University of the Azores, Ponta Delgada;Business, Tourism (Erasmus+)
Portugal;Instituto Politécnico do Cávado e do Ave, Barcelos;Business, Computer Science (Erasmus+)
Portugal;Polytechnic Institute Beja;Tourism, ICT (Erasmus+)
Romania;West University of Timisoara;Business (Erasmus+)
Romania;University Aurel Vlaicu, Arad;Business, Economics, Engineering (Erasmus+)
Romania;Lucian Blaga University of Sibiu;Engineering, Electrical Eng. (in German!) (Erasmus+)
Romania;National University of Science and Technology POLITEHNICA , Bucharest;Engineering (Erasmus+)
Russia;Kuban State University, Krasdonar;Business
Russia;Saint Petersburg Electrotechnical University;Electrical Engineering (BA/MA)
Russia;Moscow Power Engineering Institute;Electrical Engineering (BA/MA)
Russia;People's Friendship University of Russia, Moscow;Medical Informatics (Erasmus+ KA171)
Russia;Tomsk State University;Business, Engineering
Russia;Saint Petersburg National Research University;Business, Engineering
Slovakia;Alexander Dubcek University of Trencin;Business, Engineering (Erasmus+)
Slovakia;Matej Bel University, Banská Bystrica;Tourism
Slovakia;Slovak University of Agriculture in Nitra;Informatics, Engineering (Erasmus+)
Slovakia;University of Zilina;ICT, Engineering & Eng. Trades (Erasmus+)
Slovenia;Josef Stefan International Postgraduate School, Ljubljana;Master Electrical Engineering (Erasmus+
Slovenia;University of Maribor;Tourism (Erasmus+)
Spain;Universidad de Alcalá, Madrid;Media Technology, Tourism, Engineering (Erasmus+)
Spain;Universidad Rey Juan Carlos, Madrid;Business, Tourism (Erasmus+)
Spain;Universidad Antonio de Nebrija, Madrid;Business, Tourism (engl.), Media Technology (Erasmus+)
Spain;Universitat Autònoma de Barcelona;Tourism, Business, Engineering, Electronics (Erasmus+)
Spain;Universitat Politècnica de Catalunya, Barcelona;Engineering, Engineering Trades (Erasmus+)
Spain;University of Vic - Central University of Catalonia, Vic;Health, Engineering, ICT (Erasmus+)
Spain;University of Salamanca;Economic, Business, Media Production/ - communication (Erasmus+)
Spain;University of the Basque Country, Bilbao;Civil Engineering, Environmental Studies, ICT (Erasmus+)
Spain;Universidad de Burgos;Business, Tourism, Health Informatics (Erasmus+)
Spain;Universidad Politecnica de Valencia, Gandía;Tourism, Business, Engineering, Media Technology, Environmental Engineering (Erasmus+)
Spain;Universidad de Jaen;Business, Engineering (Erasmus+)
Spain;Universidad de León;Business, Engineering, Tourism (Erasmus+)
Spain;Escuela de Turismo de Baleares, Palma de Mallorca;Tourism (Erasmus+)
Spain;Universidad de Cantabria, Santander;Business, Engineering, Electronics (Erasmus+)
Spain;Universidad Europea de Valencia;IT, Tourism, Business, Psychology (Erasmus+)
Spain;Universidad de Valladolid;Electronics & Automation (Erasmus+)
Spain;Universidad La Laguna, Escuela Iriarte del Turismo, Teneriffa;Tourism (Erasmus+)
Spain;Universidad Las Palmas de Gran Canaria;Business, Tourism (Erasmus+)
Spain;Universidad San Jorge, Zaragoza;Business (Erasmus+)
Sweden;Karlstad University;ICT (Erasmus+)
Sweden;Luleå University of Technology;Engineering, Computer Science (Erasmus+)
Switzerland;Bern University of Applied Science;Andgewandte Trainingswissenschaften
Taiwan;Chung Yuan Christian University, Taoyuan City;Business, Engineering
Taiwan;National Chung Cheng University, College of Management, Chai-Yi;Business (BA and MA)
Taiwan;Da-Yeh University, Changhua;Business and Engineering
Taiwan;Tatung University, Taipei;Engineering
Turkey;Istanbul Kültür University;Business (Erasmus+)
Turkey;Istanbul Medipol University;Management and Administration (Erasmus+)
Turkey;Dokuz Eylul Üniversitesi, Izmir;Business, Media Technology (in Turkish!) (Erasmus+)
Turkey;University of Kocaeli;Engineering (Erasmus+)
Turkey;Abdullah Gül University, Kayseri;Business and Engineering (Erasmus+)
Turkey;Onsekiz Mart University Canakkale;Business, Tourism (Erasmus+)
Ukraine;West Ukrainian National University, Ternopil;Computer Sciences/ Software Engineering
Ukraine;Kherson State University;Tourism
Ukraine;National Health Care University of Ukraine, Kiew;Health Sciences
Ukraine;Ivan Franko National University of Lviv;Tourism
Uruguay;Universidad Católica del Uruguay, Montevideo;Economics
USA;Muskingum University, New Concord /Ohio;Business, Mechanical & Electrical Engineering, Media Technology, Economical Engineering
USA;Presbyterian College, Clinton, South Carolina;Business, Management (Tuition fees!)
USA;Haiwaii Pacific University, Honolulu;Business, Tourism, Media Technology (Tuition fees!)
USA;University of North Carolina, Wilmington;All study programs (Tuition fees!)
